,feature_1,feature_2,feature_3,feature_4,feature_5,feature_6,feature_7,feature_8,feature_9,feature_10,feature_11,feature_12,feature_13,feature_14,feature_15,feature_16,feature_17,feature_18,feature_19,humidity
feature_1,1.0,0.6462030075091397,0.00796096364233629,0.3199945539655424,0.9985048115885433,0.9987920703373234,0.9984155625454261,0.6403356763976499,0.6441237148444665,0.6493801036329796,0.32901008672731485,-0.04296056102376196,0.053450669837375744,0.37563485742086533,0.47618237431303323,-0.32556383634874175,0.32827977890982357,0.2582721900564718,-0.328279778909823,-0.12722363615186827
feature_2,0.6462030075091397,1.0,-0.2293200041642659,0.19029990868003485,0.6530042172669095,0.6438515432887654,0.6347818067506078,0.999254413583592,0.9994976291590283,0.9993090511273764,0.9323744138781189,0.22764756268840924,-0.23956040728218927,0.2075773547083371,-0.36337651667073895,-0.9316712889561943,0.9328303011235536,0.33945473454252645,-0.932830301123554,-0.7660497080190464
feature_3,0.00796096364233629,-0.2293200041642659,1.0,0.3638255381603261,-0.0361630219469397,0.010155908963297254,0.05049055011831677,-0.23975065035073237,-0.2323115326657376,-0.22175738658094737,-0.2912893764186258,-0.8779652046713022,0.8214133670367281,0.38275448787934213,0.27394933145540384,0.2877635376729536,-0.28782296315412753,-0.5064719623423652,0.2878229631541282,0.2883407084355108
feature_4,0.3199945539655424,0.19029990868003485,0.3638255381603261,1.0,0.3076603594664478,0.318981505652251,0.33025711425982446,0.16014497066408392,0.19033621407718404,0.21776884904402632,0.08259335514900089,-0.6144202346095964,0.38857621282257393,0.8219059541416189,0.17136681979930435,-0.08044929249233775,0.08117388705310265,0.559481683521085,-0.08117388705310186,-0.07922969895655138
feature_5,0.9985048115885433,0.6530042172669095,-0.0361630219469397,0.3076603594664478,1.0,0.9975666883980244,0.9945862729898635,0.6475376745259369,0.6509764635965567,0.6559679558398148,0.3380325147963509,-0.006612807050448289,0.027979038761610044,0.36271640424096874,0.4665204604434218,-0.33473977511445047,0.3374162990016214,0.2849152926579982,-0.337416299001622,-0.13647865835956027
feature_6,0.9987920703373234,0.6438515432887654,0.010155908963297254,0.318981505652251,0.9975666883980244,1.0,0.9977003889392445,0.6380786569505814,0.641823051247075,0.6467355456822316,0.32562927459440055,-0.04376152142204689,0.055751881701331905,0.37652915622735084,0.47741712311621204,-0.32329480558846424,0.32597772067909303,0.25772014512663144,-0.3259777206790931,-0.1284379270146939
feature_7,0.9984155625454261,0.6347818067506078,0.05049055011831677,0.33025711425982446,0.9945862729898635,0.9977003889392445,1.0,0.6285218355827222,0.6326550363392087,0.6380424047804134,0.31540618916509844,-0.0789795339207266,0.07609360652971775,0.38732602999647825,0.4874081399962764,-0.31221162000678626,0.3149175093146127,0.23211448365866338,-0.31491750931461276,-0.11642437234564076
feature_8,0.6403356763976499,0.999254413583592,-0.23975065035073237,0.16014497066408392,0.6475376745259369,0.6380786569505814,0.6285218355827222,1.0,0.9988059786127091,0.997479131530619,0.934298398175182,0.24608753549488077,-0.25064357270706933,0.1911286780188146,-0.3696800412586035,-0.9336618052091448,0.9347615295022327,0.32237497990639963,-0.9347615295022326,-0.7675844293813885
feature_9,0.6441237148444665,0.9994976291590283,-0.2323115326657376,0.19033621407718404,0.6509764635965567,0.641823051247075,0.6326550363392087,0.9988059786127091,1.0,0.9990184023357698,0.9338793100936411,0.22969839098270975,-0.241293331752482,0.20568302510303352,-0.36533598728979877,-0.9319373175155596,0.9331250084618152,0.34063289530555096,-0.9331250084618153,-0.7651521942528429
feature_10,0.6493801036329796,0.9993090511273764,-0.22175738658094737,0.21776884904402632,0.6559679558398148,0.6467355456822316,0.6380424047804134,0.997479131530619,0.9990184023357698,1.0,0.930331836356872,0.21250840026937456,-0.22867416504854807,0.2221558762524637,-0.3587019077311609,-0.929153781252955,0.9303661026334072,0.3553805410883993,-0.9303661026334075,-0.7631009860952607
feature_11,0.32901008672731485,0.9323744138781189,-0.2912893764186258,0.08259335514900089,0.3380325147963509,0.32562927459440055,0.31540618916509844,0.934298398175182,0.9338793100936411,0.930331836356872,1.0,0.3053765009507743,-0.32276997340144903,0.0759735388146642,-0.672672441100205,-0.9988600923930718,0.9989912000782135,0.29761057727923335,-0.9989912000782135,-0.8828470264032114
feature_12,-0.04296056102376196,0.22764756268840924,-0.8779652046713022,-0.6144202346095964,-0.006612807050448289,-0.04376152142204689,-0.0789795339207266,0.24608753549488077,0.22969839098270975,0.21250840026937456,0.3053765009507743,1.0,-0.760812349457988,-0.576904540214251,-0.314748496649174,-0.30327162898245674,0.30386996677432504,0.17168776224619087,-0.3038699667743258,-0.24578264597051866
feature_13,0.053450669837375744,-0.23956040728218927,0.8214133670367281,0.38857621282257393,0.027979038761610044,0.055751881701331905,0.07609360652971775,-0.25064357270706933,-0.241293331752482,-0.22867416504854807,-0.32276997340144903,-0.760812349457988,1.0,0.37935836701780945,0.34128016123031074,0.3211408820821844,-0.32102947371599005,-0.331380188271869,0.3210294737159908,0.354094224753143
feature_14,0.37563485742086533,0.2075773547083371,0.38275448787934213,0.8219059541416189,0.36271640424096874,0.37652915622735084,0.38732602999647825,0.1911286780188146,0.20568302510303352,0.2221558762524637,0.0759735388146642,-0.576904540214251,0.37935836701780945,1.0,0.21938225095112054,-0.07768952569142208,0.07761090535589524,0.42347367462805746,-0.07761090535589447,-0.07769487019057018
feature_15,0.47618237431303323,-0.36337651667073895,0.27394933145540384,0.17136681979930435,0.4665204604434218,0.47741712311621204,0.4874081399962764,-0.3696800412586035,-0.36533598728979877,-0.3587019077311609,-0.672672441100205,-0.314748496649174,0.34128016123031074,0.21938225095112054,1.0,0.676069376782916,-0.6740893063623531,-0.07584319770570254,0.6740893063623526,0.7273604833398599
feature_16,-0.32556383634874175,-0.9316712889561943,0.2877635376729536,-0.08044929249233775,-0.33473977511445047,-0.32329480558846424,-0.31221162000678626,-0.9336618052091448,-0.9319373175155596,-0.929153781252955,-0.9988600923930718,-0.30327162898245674,0.3211408820821844,-0.07768952569142208,0.676069376782916,1.0,-0.9999319145434954,-0.2960434318344458,0.999931914543496,0.8886433808458278
feature_17,0.32827977890982357,0.9328303011235536,-0.28782296315412753,0.08117388705310265,0.3374162990016214,0.32597772067909303,0.3149175093146127,0.9347615295022327,0.9331250084618152,0.9303661026334072,0.9989912000782135,0.30386996677432504,-0.32102947371599005,0.07761090535589524,-0.6740893063623531,-0.9999319145434954,1.0,0.2961720977102136,-1.0,-0.887336948945881
feature_18,0.2582721900564718,0.33945473454252645,-0.5064719623423652,0.559481683521085,0.2849152926579982,0.25772014512663144,0.23211448365866338,0.32237497990639963,0.34063289530555096,0.3553805410883993,0.29761057727923335,0.17168776224619087,-0.331380188271869,0.42347367462805746,-0.07584319770570254,-0.2960434318344458,0.2961720977102136,1.0,-0.29617209771021363,-0.3011979730579582
feature_19,-0.328279778909823,-0.932830301123554,0.2878229631541282,-0.08117388705310186,-0.337416299001622,-0.3259777206790931,-0.31491750931461276,-0.9347615295022326,-0.9331250084618153,-0.9303661026334075,-0.9989912000782135,-0.3038699667743258,0.3210294737159908,-0.07761090535589447,0.6740893063623526,0.999931914543496,-1.0,-0.29617209771021363,1.0,0.8873369489458797
humidity,-0.12722363615186827,-0.7660497080190464,0.2883407084355108,-0.07922969895655138,-0.13647865835956027,-0.1284379270146939,-0.11642437234564076,-0.7675844293813885,-0.7651521942528429,-0.7631009860952607,-0.8828470264032114,-0.24578264597051866,0.354094224753143,-0.07769487019057018,0.7273604833398599,0.8886433808458278,-0.887336948945881,-0.3011979730579582,0.8873369489458797,1.0
